id0,id1,zoom
1,10,0
1,10,1
1,10,2
1,10,3
1,100,0
1,100,1
1,100,2
1,100,3
1,101,0
1,101,1
1,101,2
1,101,3
1,103,0
1,103,1
1,103,2
1,103,3
1,104,0
1,104,1
1,104,2
1,104,3
1,105,0
1,105,1
1,105,2
1,105,3
1,106,0
1,106,1
1,106,2
1,106,3
1,107,0
1,107,1
1,107,2
1,107,3
1,108,0
1,108,1
1,108,2
1,108,3
1,109,0
1,109,1
1,109,2
1,109,3
1,11,0
1,11,1
1,11,2
1,11,3
1,110,0
1,110,1
1,110,2
1,110,3
1,111,0
1,111,1
1,111,2
1,111,3
1,112,0
1,112,1
1,112,2
1,112,3
1,113,0
1,113,1
1,113,2
1,113,3
1,114,0
1,114,1
1,114,2
1,114,3
1,115,0
1,115,1
1,115,2
1,115,3
1,116,0
1,116,1
1,116,2
1,116,3
1,117,0
1,117,1
1,117,2
1,117,3
1,118,0
1,118,1
1,118,2
1,118,3
1,119,0
1,119,1
1,119,2
1,119,3
1,12,0
1,12,1
1,12,2
1,12,3
1,120,0
1,120,1
1,120,2
1,120,3
1,121,0
1,121,1
1,121,2
1,121,3
1,122,0
1,122,1
1,122,2
